row_id,Timestamp,Forecast Distance,Forecast Point,Series Id,Prediction
6522,2020-09-15T00:00:00.000000Z,1,2020-09-14T00:00:00.000000Z,AN,3559.2965157727376
6523,2020-09-16T00:00:00.000000Z,2,2020-09-14T00:00:00.000000Z,AN,3581.894473182963
6524,2020-09-17T00:00:00.000000Z,3,2020-09-14T00:00:00.000000Z,AN,3637.1755050553093
6525,2020-09-18T00:00:00.000000Z,4,2020-09-14T00:00:00.000000Z,AN,3688.655566396177
6526,2020-09-19T00:00:00.000000Z,5,2020-09-14T00:00:00.000000Z,AN,3693.238720670668
6527,2020-09-20T00:00:00.000000Z,6,2020-09-14T00:00:00.000000Z,AN,3654.071332201705
6528,2020-09-21T00:00:00.000000Z,7,2020-09-14T00:00:00.000000Z,AN,3794.625172777225
6529,2020-09-22T00:00:00.000000Z,8,2020-09-14T00:00:00.000000Z,AN,3833.501604149031
6530,2020-09-23T00:00:00.000000Z,9,2020-09-14T00:00:00.000000Z,AN,3857.8030650180344
6531,2020-09-24T00:00:00.000000Z,10,2020-09-14T00:00:00.000000Z,AN,3992.9304335205716
6532,2020-09-25T00:00:00.000000Z,11,2020-09-14T00:00:00.000000Z,AN,3992.916272712276
6533,2020-09-26T00:00:00.000000Z,12,2020-09-14T00:00:00.000000Z,AN,4018.2362639017565
6534,2020-09-27T00:00:00.000000Z,13,2020-09-14T00:00:00.000000Z,AN,4200.636970060214
6535,2020-09-28T00:00:00.000000Z,14,2020-09-14T00:00:00.000000Z,AN,4260.49155771661
6537,2020-09-15T00:00:00.000000Z,1,2020-09-14T00:00:00.000000Z,AP,585755.9164298119
6538,2020-09-16T00:00:00.000000Z,2,2020-09-14T00:00:00.000000Z,AP,595141.5578901599
6539,2020-09-17T00:00:00.000000Z,3,2020-09-14T00:00:00.000000Z,AP,609743.5943966296
6540,2020-09-18T00:00:00.000000Z,4,2020-09-14T00:00:00.000000Z,AP,622392.5238385773
6541,2020-09-19T00:00:00.000000Z,5,2020-09-14T00:00:00.000000Z,AP,638539.1536344949
6542,2020-09-20T00:00:00.000000Z,6,2020-09-14T00:00:00.000000Z,AP,645719.5431680804
6543,2020-09-21T00:00:00.000000Z,7,2020-09-14T00:00:00.000000Z,AP,659784.8652319014
6544,2020-09-22T00:00:00.000000Z,8,2020-09-14T00:00:00.000000Z,AP,674973.2624215429
6545,2020-09-23T00:00:00.000000Z,9,2020-09-14T00:00:00.000000Z,AP,686327.1998898096
6546,2020-09-24T00:00:00.000000Z,10,2020-09-14T00:00:00.000000Z,AP,711428.5122880563
6547,2020-09-25T00:00:00.000000Z,11,2020-09-14T00:00:00.000000Z,AP,724384.3823074999
6548,2020-09-26T00:00:00.000000Z,12,2020-09-14T00:00:00.000000Z,AP,741773.1427634888
6549,2020-09-27T00:00:00.000000Z,13,2020-09-14T00:00:00.000000Z,AP,747852.5985355503
6550,2020-09-28T00:00:00.000000Z,14,2020-09-14T00:00:00.000000Z,AP,762239.0051840021
6552,2020-09-15T00:00:00.000000Z,1,2020-09-14T00:00:00.000000Z,AR,6648.810610826484
6553,2020-09-16T00:00:00.000000Z,2,2020-09-14T00:00:00.000000Z,AR,6831.180360288612
6554,2020-09-17T00:00:00.000000Z,3,2020-09-14T00:00:00.000000Z,AR,6971.099654630158
6555,2020-09-18T00:00:00.000000Z,4,2020-09-14T00:00:00.000000Z,AR,7200.40211381884
6556,2020-09-19T00:00:00.000000Z,5,2020-09-14T00:00:00.000000Z,AR,7367.308740006557
6557,2020-09-20T00:00:00.000000Z,6,2020-09-14T00:00:00.000000Z,AR,7462.439638355449
6558,2020-09-21T00:00:00.000000Z,7,2020-09-14T00:00:00.000000Z,AR,7755.184358229903
6559,2020-09-22T00:00:00.000000Z,8,2020-09-14T00:00:00.000000Z,AR,7930.991477370239
6560,2020-09-23T00:00:00.000000Z,9,2020-09-14T00:00:00.000000Z,AR,8297.686454070912
6561,2020-09-24T00:00:00.000000Z,10,2020-09-14T00:00:00.000000Z,AR,8718.862602935742
6562,2020-09-25T00:00:00.000000Z,11,2020-09-14T00:00:00.000000Z,AR,8971.830239501616
6563,2020-09-26T00:00:00.000000Z,12,2020-09-14T00:00:00.000000Z,AR,9178.120908535508
6564,2020-09-27T00:00:00.000000Z,13,2020-09-14T00:00:00.000000Z,AR,9506.563312938713
6565,2020-09-28T00:00:00.000000Z,14,2020-09-14T00:00:00.000000Z,AR,9760.879358466802
6567,2020-09-15T00:00:00.000000Z,1,2020-09-14T00:00:00.000000Z,AS,144791.8868133646
6568,2020-09-16T00:00:00.000000Z,2,2020-09-14T00:00:00.000000Z,AS,147111.90560938534
6569,2020-09-17T00:00:00.000000Z,3,2020-09-14T00:00:00.000000Z,AS,150721.35513910724
6570,2020-09-18T00:00:00.000000Z,4,2020-09-14T00:00:00.000000Z,AS,153848.02444692916
6571,2020-09-19T00:00:00.000000Z,5,2020-09-14T00:00:00.000000Z,AS,159072.8652452002
6572,2020-09-20T00:00:00.000000Z,6,2020-09-14T00:00:00.000000Z,AS,160861.64258937017
6573,2020-09-21T00:00:00.000000Z,7,2020-09-14T00:00:00.000000Z,AS,164152.49563709824
6574,2020-09-22T00:00:00.000000Z,8,2020-09-14T00:00:00.000000Z,AS,167931.32330470596
6575,2020-09-23T00:00:00.000000Z,9,2020-09-14T00:00:00.000000Z,AS,169056.09078056144
6576,2020-09-24T00:00:00.000000Z,10,2020-09-14T00:00:00.000000Z,AS,172277.93306843884
6577,2020-09-25T00:00:00.000000Z,11,2020-09-14T00:00:00.000000Z,AS,173296.93492998535
6578,2020-09-26T00:00:00.000000Z,12,2020-09-14T00:00:00.000000Z,AS,178501.11838848554
6579,2020-09-27T00:00:00.000000Z,13,2020-09-14T00:00:00.000000Z,AS,183128.81847695526
6580,2020-09-28T00:00:00.000000Z,14,2020-09-14T00:00:00.000000Z,AS,184938.40789661175
6582,2020-09-15T00:00:00.000000Z,1,2020-09-14T00:00:00.000000Z,BR,160647.2025517819
6583,2020-09-16T00:00:00.000000Z,2,2020-09-14T00:00:00.000000Z,BR,163026.65862122245
6584,2020-09-17T00:00:00.000000Z,3,2020-09-14T00:00:00.000000Z,BR,165920.02319045167
6585,2020-09-18T00:00:00.000000Z,4,2020-09-14T00:00:00.000000Z,BR,168268.43144285816
6586,2020-09-19T00:00:00.000000Z,5,2020-09-14T00:00:00.000000Z,BR,169846.7533646157
6587,2020-09-20T00:00:00.000000Z,6,2020-09-14T00:00:00.000000Z,BR,173517.31223292332
6588,2020-09-21T00:00:00.000000Z,7,2020-09-14T00:00:00.000000Z,BR,173205.4941712531
6589,2020-09-22T00:00:00.000000Z,8,2020-09-14T00:00:00.000000Z,BR,177001.15727370352
6590,2020-09-23T00:00:00.000000Z,9,2020-09-14T00:00:00.000000Z,BR,178123.21155108878
6591,2020-09-24T00:00:00.000000Z,10,2020-09-14T00:00:00.000000Z,BR,184362.36264935017
6592,2020-09-25T00:00:00.000000Z,11,2020-09-14T00:00:00.000000Z,BR,184361.71430815518
6593,2020-09-26T00:00:00.000000Z,12,2020-09-14T00:00:00.000000Z,BR,184691.32414267262
6594,2020-09-27T00:00:00.000000Z,13,2020-09-14T00:00:00.000000Z,BR,190870.32363779884
6595,2020-09-28T00:00:00.000000Z,14,2020-09-14T00:00:00.000000Z,BR,194350.08353503945
6597,2020-09-15T00:00:00.000000Z,1,2020-09-14T00:00:00.000000Z,CH,9317.386857259882
6598,2020-09-16T00:00:00.000000Z,2,2020-09-14T00:00:00.000000Z,CH,9642.422933336831
6599,2020-09-17T00:00:00.000000Z,3,2020-09-14T00:00:00.000000Z,CH,10054.329880563926
6600,2020-09-18T00:00:00.000000Z,4,2020-09-14T00:00:00.000000Z,CH,10417.778432198691
6601,2020-09-19T00:00:00.000000Z,5,2020-09-14T00:00:00.000000Z,CH,10859.971929091855
6602,2020-09-20T00:00:00.000000Z,6,2020-09-14T00:00:00.000000Z,CH,11390.844105138156
6603,2020-09-21T00:00:00.000000Z,7,2020-09-14T00:00:00.000000Z,CH,11810.524090853754
6604,2020-09-22T00:00:00.000000Z,8,2020-09-14T00:00:00.000000Z,CH,12156.972395370649
6605,2020-09-23T00:00:00.000000Z,9,2020-09-14T00:00:00.000000Z,CH,13050.62775803386
6606,2020-09-24T00:00:00.000000Z,10,2020-09-14T00:00:00.000000Z,CH,13510.403368814954
6607,2020-09-25T00:00:00.000000Z,11,2020-09-14T00:00:00.000000Z,CH,13932.430107439359
6608,2020-09-26T00:00:00.000000Z,12,2020-09-14T00:00:00.000000Z,CH,14510.886423836024
6609,2020-09-27T00:00:00.000000Z,13,2020-09-14T00:00:00.000000Z,CH,15385.566718280257
6610,2020-09-28T00:00:00.000000Z,14,2020-09-14T00:00:00.000000Z,CH,15459.77498532264
6612,2020-09-15T00:00:00.000000Z,1,2020-09-14T00:00:00.000000Z,CT,69837.03016719781
6613,2020-09-16T00:00:00.000000Z,2,2020-09-14T00:00:00.000000Z,CT,72552.12256812835
6614,2020-09-17T00:00:00.000000Z,3,2020-09-14T00:00:00.000000Z,CT,75961.39946719175
6615,2020-09-18T00:00:00.000000Z,4,2020-09-14T00:00:00.000000Z,CT,79491.7737029386
6616,2020-09-19T00:00:00.000000Z,5,2020-09-14T00:00:00.000000Z,CT,82277.90450958502
6617,2020-09-20T00:00:00.000000Z,6,2020-09-14T00:00:00.000000Z,CT,86453.68557837575
6618,2020-09-21T00:00:00.000000Z,7,2020-09-14T00:00:00.000000Z,CT,89762.36237130091
6619,2020-09-22T00:00:00.000000Z,8,2020-09-14T00:00:00.000000Z,CT,92395.45029352383
6620,2020-09-23T00:00:00.000000Z,9,2020-09-14T00:00:00.000000Z,CT,98123.13269904804
6621,2020-09-24T00:00:00.000000Z,10,2020-09-14T00:00:00.000000Z,CT,101779.42486990339
6622,2020-09-25T00:00:00.000000Z,11,2020-09-14T00:00:00.000000Z,CT,105358.40677131532
6623,2020-09-26T00:00:00.000000Z,12,2020-09-14T00:00:00.000000Z,CT,110878.36920001174
6624,2020-09-27T00:00:00.000000Z,13,2020-09-14T00:00:00.000000Z,CT,117925.17437836177
6625,2020-09-28T00:00:00.000000Z,14,2020-09-14T00:00:00.000000Z,CT,118440.34005887748
6627,2020-09-15T00:00:00.000000Z,1,2020-09-14T00:00:00.000000Z,DL,231364.18152147415
6628,2020-09-16T00:00:00.000000Z,2,2020-09-14T00:00:00.000000Z,DL,235071.35919329818
6629,2020-09-17T00:00:00.000000Z,3,2020-09-14T00:00:00.000000Z,DL,240838.92914881374
6630,2020-09-18T00:00:00.000000Z,4,2020-09-14T00:00:00.000000Z,DL,245835.01104771942
6631,2020-09-19T00:00:00.000000Z,5,2020-09-14T00:00:00.000000Z,DL,253393.0781951241
6632,2020-09-20T00:00:00.000000Z,6,2020-09-14T00:00:00.000000Z,DL,256242.48427928967
6633,2020-09-21T00:00:00.000000Z,7,2020-09-14T00:00:00.000000Z,DL,261824.09205322847
6634,2020-09-22T00:00:00.000000Z,8,2020-09-14T00:00:00.000000Z,DL,267851.31008489936
6635,2020-09-23T00:00:00.000000Z,9,2020-09-14T00:00:00.000000Z,DL,272356.9211880514
6636,2020-09-24T00:00:00.000000Z,10,2020-09-14T00:00:00.000000Z,DL,281764.6545969469
6637,2020-09-25T00:00:00.000000Z,11,2020-09-14T00:00:00.000000Z,DL,286895.9100710453
6638,2020-09-26T00:00:00.000000Z,12,2020-09-14T00:00:00.000000Z,DL,294647.896399214
6639,2020-09-27T00:00:00.000000Z,13,2020-09-14T00:00:00.000000Z,DL,301897.6956038048
6640,2020-09-28T00:00:00.000000Z,14,2020-09-14T00:00:00.000000Z,DL,307164.8693513653
6642,2020-09-15T00:00:00.000000Z,1,2020-09-14T00:00:00.000000Z,DN,2776.6622354122514
6643,2020-09-16T00:00:00.000000Z,2,2020-09-14T00:00:00.000000Z,DN,2794.291251331653
6644,2020-09-17T00:00:00.000000Z,3,2020-09-14T00:00:00.000000Z,DN,2837.416923450907
6645,2020-09-18T00:00:00.000000Z,4,2020-09-14T00:00:00.000000Z,DN,2877.577273455055
6646,2020-09-19T00:00:00.000000Z,5,2020-09-14T00:00:00.000000Z,DN,2871.2082317582035
6647,2020-09-20T00:00:00.000000Z,6,2020-09-14T00:00:00.000000Z,DN,2840.758608353374
6648,2020-09-21T00:00:00.000000Z,7,2020-09-14T00:00:00.000000Z,DN,2950.0283779480073
6649,2020-09-22T00:00:00.000000Z,8,2020-09-14T00:00:00.000000Z,DN,2980.2518046524265
6650,2020-09-23T00:00:00.000000Z,9,2020-09-14T00:00:00.000000Z,DN,2986.7167053790317
6651,2020-09-24T00:00:00.000000Z,10,2020-09-14T00:00:00.000000Z,DN,3091.3324171308827
6652,2020-09-25T00:00:00.000000Z,11,2020-09-14T00:00:00.000000Z,DN,3091.321499877252
6653,2020-09-26T00:00:00.000000Z,12,2020-09-14T00:00:00.000000Z,DN,3114.444156412021
6654,2020-09-27T00:00:00.000000Z,13,2020-09-14T00:00:00.000000Z,DN,3233.9893396559946
6655,2020-09-28T00:00:00.000000Z,14,2020-09-14T00:00:00.000000Z,DN,3266.1582329792336
6657,2020-09-15T00:00:00.000000Z,1,2020-09-14T00:00:00.000000Z,GA,25768.073964742674
6658,2020-09-16T00:00:00.000000Z,2,2020-09-14T00:00:00.000000Z,GA,26362.00879708545
6659,2020-09-17T00:00:00.000000Z,3,2020-09-14T00:00:00.000000Z,GA,27008.81043728527
6660,2020-09-18T00:00:00.000000Z,4,2020-09-14T00:00:00.000000Z,GA,27587.34350773627
6661,2020-09-19T00:00:00.000000Z,5,2020-09-14T00:00:00.000000Z,GA,28435.500917984544
6662,2020-09-20T00:00:00.000000Z,6,2020-09-14T00:00:00.000000Z,GA,28802.67763458371
6663,2020-09-21T00:00:00.000000Z,7,2020-09-14T00:00:00.000000Z,GA,30119.494791072935
6664,2020-09-22T00:00:00.000000Z,8,2020-09-14T00:00:00.000000Z,GA,30812.850094373636
6665,2020-09-23T00:00:00.000000Z,9,2020-09-14T00:00:00.000000Z,GA,31331.163200674648
6666,2020-09-24T00:00:00.000000Z,10,2020-09-14T00:00:00.000000Z,GA,32915.534934215146
6667,2020-09-25T00:00:00.000000Z,11,2020-09-14T00:00:00.000000Z,GA,33514.96234000249
6668,2020-09-26T00:00:00.000000Z,12,2020-09-14T00:00:00.000000Z,GA,34580.241965211346
6669,2020-09-27T00:00:00.000000Z,13,2020-09-14T00:00:00.000000Z,GA,34787.647716013635
6670,2020-09-28T00:00:00.000000Z,14,2020-09-14T00:00:00.000000Z,GA,35781.58607910885
6672,2020-09-15T00:00:00.000000Z,1,2020-09-14T00:00:00.000000Z,GJ,114642.72069510932
6673,2020-09-16T00:00:00.000000Z,2,2020-09-14T00:00:00.000000Z,GJ,116340.77278218021
6674,2020-09-17T00:00:00.000000Z,3,2020-09-14T00:00:00.000000Z,GJ,118467.07196737653
6675,2020-09-18T00:00:00.000000Z,4,2020-09-14T00:00:00.000000Z,GJ,120143.8379423142
6676,2020-09-19T00:00:00.000000Z,5,2020-09-14T00:00:00.000000Z,GJ,122520.30167889196
6677,2020-09-20T00:00:00.000000Z,6,2020-09-14T00:00:00.000000Z,GJ,123898.04476226606
6678,2020-09-21T00:00:00.000000Z,7,2020-09-14T00:00:00.000000Z,GJ,126547.70378316203
6679,2020-09-22T00:00:00.000000Z,8,2020-09-14T00:00:00.000000Z,GJ,129460.85097063037
6680,2020-09-23T00:00:00.000000Z,9,2020-09-14T00:00:00.000000Z,GJ,130281.53350289424
6681,2020-09-24T00:00:00.000000Z,10,2020-09-14T00:00:00.000000Z,GJ,133590.69262268158
6682,2020-09-25T00:00:00.000000Z,11,2020-09-14T00:00:00.000000Z,GJ,134621.2868463553
6683,2020-09-26T00:00:00.000000Z,12,2020-09-14T00:00:00.000000Z,GJ,136494.8015010108
6684,2020-09-27T00:00:00.000000Z,13,2020-09-14T00:00:00.000000Z,GJ,140033.46151533598
6685,2020-09-28T00:00:00.000000Z,14,2020-09-14T00:00:00.000000Z,GJ,142904.11071424212
6687,2020-09-15T00:00:00.000000Z,1,2020-09-14T00:00:00.000000Z,HP,10544.68692883106
6688,2020-09-16T00:00:00.000000Z,2,2020-09-14T00:00:00.000000Z,HP,10854.127715165821
6689,2020-09-17T00:00:00.000000Z,3,2020-09-14T00:00:00.000000Z,HP,11272.827975919681
6690,2020-09-18T00:00:00.000000Z,4,2020-09-14T00:00:00.000000Z,HP,11697.576126118249
6691,2020-09-19T00:00:00.000000Z,5,2020-09-14T00:00:00.000000Z,HP,12196.249925318829
6692,2020-09-20T00:00:00.000000Z,6,2020-09-14T00:00:00.000000Z,HP,12650.433717296566
6693,2020-09-21T00:00:00.000000Z,7,2020-09-14T00:00:00.000000Z,HP,13136.753849404742
6694,2020-09-22T00:00:00.000000Z,8,2020-09-14T00:00:00.000000Z,HP,13647.641912213674
6695,2020-09-23T00:00:00.000000Z,9,2020-09-14T00:00:00.000000Z,HP,14454.62488959902
6696,2020-09-24T00:00:00.000000Z,10,2020-09-14T00:00:00.000000Z,HP,15044.133298106031
6697,2020-09-25T00:00:00.000000Z,11,2020-09-14T00:00:00.000000Z,HP,15613.111408763782
6698,2020-09-26T00:00:00.000000Z,12,2020-09-14T00:00:00.000000Z,HP,16331.094181824958
6699,2020-09-27T00:00:00.000000Z,13,2020-09-14T00:00:00.000000Z,HP,17763.730351090344
6700,2020-09-28T00:00:00.000000Z,14,2020-09-14T00:00:00.000000Z,HP,18899.41029490955
6702,2020-09-15T00:00:00.000000Z,1,2020-09-14T00:00:00.000000Z,HR,99755.0936265496
6703,2020-09-16T00:00:00.000000Z,2,2020-09-14T00:00:00.000000Z,HR,102491.28726312281
6704,2020-09-17T00:00:00.000000Z,3,2020-09-14T00:00:00.000000Z,HR,104090.73545379344
6705,2020-09-18T00:00:00.000000Z,4,2020-09-14T00:00:00.000000Z,HR,106824.30251774428
6706,2020-09-19T00:00:00.000000Z,5,2020-09-14T00:00:00.000000Z,HR,111746.19208109402
6707,2020-09-20T00:00:00.000000Z,6,2020-09-14T00:00:00.000000Z,HR,113189.12442463519
6708,2020-09-21T00:00:00.000000Z,7,2020-09-14T00:00:00.000000Z,HR,116249.79740780161
6709,2020-09-22T00:00:00.000000Z,8,2020-09-14T00:00:00.000000Z,HR,118364.88618881178
6710,2020-09-23T00:00:00.000000Z,9,2020-09-14T00:00:00.000000Z,HR,120562.51464894619
6711,2020-09-24T00:00:00.000000Z,10,2020-09-14T00:00:00.000000Z,HR,125865.33455671792
6712,2020-09-25T00:00:00.000000Z,11,2020-09-14T00:00:00.000000Z,HR,128157.47810300018
6713,2020-09-26T00:00:00.000000Z,12,2020-09-14T00:00:00.000000Z,HR,132355.27643608648
6714,2020-09-27T00:00:00.000000Z,13,2020-09-14T00:00:00.000000Z,HR,137545.2276868647
6715,2020-09-28T00:00:00.000000Z,14,2020-09-14T00:00:00.000000Z,HR,139997.50697856574
6717,2020-09-15T00:00:00.000000Z,1,2020-09-14T00:00:00.000000Z,JH,64618.136607704895
6718,2020-09-16T00:00:00.000000Z,2,2020-09-14T00:00:00.000000Z,JH,66107.53829725659
6719,2020-09-17T00:00:00.000000Z,3,2020-09-14T00:00:00.000000Z,JH,68179.89099198875
6720,2020-09-18T00:00:00.000000Z,4,2020-09-14T00:00:00.000000Z,JH,70632.35849720225
6721,2020-09-19T00:00:00.000000Z,5,2020-09-14T00:00:00.000000Z,JH,71944.4625768222
6722,2020-09-20T00:00:00.000000Z,6,2020-09-14T00:00:00.000000Z,JH,73117.62678152323
6723,2020-09-21T00:00:00.000000Z,7,2020-09-14T00:00:00.000000Z,JH,76965.93701487698
6724,2020-09-22T00:00:00.000000Z,8,2020-09-14T00:00:00.000000Z,JH,79287.62841360395
6725,2020-09-23T00:00:00.000000Z,9,2020-09-14T00:00:00.000000Z,JH,82284.3647044662
6726,2020-09-24T00:00:00.000000Z,10,2020-09-14T00:00:00.000000Z,JH,85955.67337306325
6727,2020-09-25T00:00:00.000000Z,11,2020-09-14T00:00:00.000000Z,JH,86626.1815286523
6728,2020-09-26T00:00:00.000000Z,12,2020-09-14T00:00:00.000000Z,JH,88554.79765072821
6729,2020-09-27T00:00:00.000000Z,13,2020-09-14T00:00:00.000000Z,JH,92632.61456073805
6730,2020-09-28T00:00:00.000000Z,14,2020-09-14T00:00:00.000000Z,JH,97806.39817561001
6732,2020-09-15T00:00:00.000000Z,1,2020-09-14T00:00:00.000000Z,JK,57944.7580076955
6733,2020-09-16T00:00:00.000000Z,2,2020-09-14T00:00:00.000000Z,JK,59534.13392681905
6734,2020-09-17T00:00:00.000000Z,3,2020-09-14T00:00:00.000000Z,JK,61498.20478201334
6735,2020-09-18T00:00:00.000000Z,4,2020-09-14T00:00:00.000000Z,JK,62784.3410941813
6736,2020-09-19T00:00:00.000000Z,5,2020-09-14T00:00:00.000000Z,JK,65428.48595351196
6737,2020-09-20T00:00:00.000000Z,6,2020-09-14T00:00:00.000000Z,JK,67037.55596323442
6738,2020-09-21T00:00:00.000000Z,7,2020-09-14T00:00:00.000000Z,JK,68988.00529045844
6739,2020-09-22T00:00:00.000000Z,8,2020-09-14T00:00:00.000000Z,JK,71285.71703364448
6740,2020-09-23T00:00:00.000000Z,9,2020-09-14T00:00:00.000000Z,JK,73044.11153968208
6741,2020-09-24T00:00:00.000000Z,10,2020-09-14T00:00:00.000000Z,JK,74891.60536862594
6742,2020-09-25T00:00:00.000000Z,11,2020-09-14T00:00:00.000000Z,JK,77367.84691027997
6743,2020-09-26T00:00:00.000000Z,12,2020-09-14T00:00:00.000000Z,JK,80211.60062349566
6744,2020-09-27T00:00:00.000000Z,13,2020-09-14T00:00:00.000000Z,JK,83610.3476767645
6745,2020-09-28T00:00:00.000000Z,14,2020-09-14T00:00:00.000000Z,JK,85999.21789145588
6747,2020-09-15T00:00:00.000000Z,1,2020-09-14T00:00:00.000000Z,KA,479566.2035362924
6748,2020-09-16T00:00:00.000000Z,2,2020-09-14T00:00:00.000000Z,KA,487250.35373715725
6749,2020-09-17T00:00:00.000000Z,3,2020-09-14T00:00:00.000000Z,KA,499205.23633396864
6750,2020-09-18T00:00:00.000000Z,4,2020-09-14T00:00:00.000000Z,KA,509561.0119193616
6751,2020-09-19T00:00:00.000000Z,5,2020-09-14T00:00:00.000000Z,KA,525227.195215924
6752,2020-09-20T00:00:00.000000Z,6,2020-09-14T00:00:00.000000Z,KA,531133.376932794
6753,2020-09-21T00:00:00.000000Z,7,2020-09-14T00:00:00.000000Z,KA,547608.0973370612
6754,2020-09-22T00:00:00.000000Z,8,2020-09-14T00:00:00.000000Z,KA,560214.0764176894
6755,2020-09-23T00:00:00.000000Z,9,2020-09-14T00:00:00.000000Z,KA,569637.6220245473
6756,2020-09-24T00:00:00.000000Z,10,2020-09-14T00:00:00.000000Z,KA,589314.0130485015
6757,2020-09-25T00:00:00.000000Z,11,2020-09-14T00:00:00.000000Z,KA,600046.0749567347
6758,2020-09-26T00:00:00.000000Z,12,2020-09-14T00:00:00.000000Z,KA,619118.6382185654
6759,2020-09-27T00:00:00.000000Z,13,2020-09-14T00:00:00.000000Z,KA,637481.4923955025
6760,2020-09-28T00:00:00.000000Z,14,2020-09-14T00:00:00.000000Z,KA,650207.7734176842
6762,2020-09-15T00:00:00.000000Z,1,2020-09-14T00:00:00.000000Z,KL,115442.8374599676
6763,2020-09-16T00:00:00.000000Z,2,2020-09-14T00:00:00.000000Z,KL,118609.32844448613
6764,2020-09-17T00:00:00.000000Z,3,2020-09-14T00:00:00.000000Z,KL,121942.66437678366
6765,2020-09-18T00:00:00.000000Z,4,2020-09-14T00:00:00.000000Z,KL,125470.67062799828
6766,2020-09-19T00:00:00.000000Z,5,2020-09-14T00:00:00.000000Z,KL,130754.83456577157
6767,2020-09-20T00:00:00.000000Z,6,2020-09-14T00:00:00.000000Z,KL,133041.2214554966
6768,2020-09-21T00:00:00.000000Z,7,2020-09-14T00:00:00.000000Z,KL,138109.84370935906
6769,2020-09-22T00:00:00.000000Z,8,2020-09-14T00:00:00.000000Z,KL,142709.7246365508
6770,2020-09-23T00:00:00.000000Z,9,2020-09-14T00:00:00.000000Z,KL,148058.9832020725
6771,2020-09-24T00:00:00.000000Z,10,2020-09-14T00:00:00.000000Z,KL,152701.51458163667
6772,2020-09-25T00:00:00.000000Z,11,2020-09-14T00:00:00.000000Z,KL,156835.06586109276
6773,2020-09-26T00:00:00.000000Z,12,2020-09-14T00:00:00.000000Z,KL,161549.5742087515
6774,2020-09-27T00:00:00.000000Z,13,2020-09-14T00:00:00.000000Z,KL,166472.05634861713
6775,2020-09-28T00:00:00.000000Z,14,2020-09-14T00:00:00.000000Z,KL,171228.40706404598
6777,2020-09-15T00:00:00.000000Z,1,2020-09-14T00:00:00.000000Z,LA,3400.9961036916866
6778,2020-09-16T00:00:00.000000Z,2,2020-09-14T00:00:00.000000Z,LA,3445.929846699022
6779,2020-09-17T00:00:00.000000Z,3,2020-09-14T00:00:00.000000Z,LA,3517.646722772278
6780,2020-09-18T00:00:00.000000Z,4,2020-09-14T00:00:00.000000Z,LA,3567.4350971602607
6781,2020-09-19T00:00:00.000000Z,5,2020-09-14T00:00:00.000000Z,LA,3626.4909969348155
6782,2020-09-20T00:00:00.000000Z,6,2020-09-14T00:00:00.000000Z,LA,3667.270901360147
6783,2020-09-21T00:00:00.000000Z,7,2020-09-14T00:00:00.000000Z,LA,3747.152168980496
6784,2020-09-22T00:00:00.000000Z,8,2020-09-14T00:00:00.000000Z,LA,3833.4121473238283
6785,2020-09-23T00:00:00.000000Z,9,2020-09-14T00:00:00.000000Z,LA,3867.6058936456334
6786,2020-09-24T00:00:00.000000Z,10,2020-09-14T00:00:00.000000Z,LA,4032.683879362406
6787,2020-09-25T00:00:00.000000Z,11,2020-09-14T00:00:00.000000Z,LA,4089.593712588484
6788,2020-09-26T00:00:00.000000Z,12,2020-09-14T00:00:00.000000Z,LA,4146.508290747777
6789,2020-09-27T00:00:00.000000Z,13,2020-09-14T00:00:00.000000Z,LA,4218.6314708287155
6790,2020-09-28T00:00:00.000000Z,14,2020-09-14T00:00:00.000000Z,LA,4359.652239853776
6792,2020-09-15T00:00:00.000000Z,1,2020-09-14T00:00:00.000000Z,MH,1106361.5037088974
6793,2020-09-16T00:00:00.000000Z,2,2020-09-14T00:00:00.000000Z,MH,1124088.8746292514
6794,2020-09-17T00:00:00.000000Z,3,2020-09-14T00:00:00.000000Z,MH,1151668.8454214814
6795,2020-09-18T00:00:00.000000Z,4,2020-09-14T00:00:00.000000Z,MH,1175559.6775205154
6796,2020-09-19T00:00:00.000000Z,5,2020-09-14T00:00:00.000000Z,MH,1211701.6278523484
6797,2020-09-20T00:00:00.000000Z,6,2020-09-14T00:00:00.000000Z,MH,1225327.2353150365
6798,2020-09-21T00:00:00.000000Z,7,2020-09-14T00:00:00.000000Z,MH,1263334.456259789
6799,2020-09-22T00:00:00.000000Z,8,2020-09-14T00:00:00.000000Z,MH,1292416.5285501839
6800,2020-09-23T00:00:00.000000Z,9,2020-09-14T00:00:00.000000Z,MH,1314156.692913296
6801,2020-09-24T00:00:00.000000Z,10,2020-09-14T00:00:00.000000Z,MH,1359550.199972027
6802,2020-09-25T00:00:00.000000Z,11,2020-09-14T00:00:00.000000Z,MH,1384309.1379009462
6803,2020-09-26T00:00:00.000000Z,12,2020-09-14T00:00:00.000000Z,MH,1428309.6317104422
6804,2020-09-27T00:00:00.000000Z,13,2020-09-14T00:00:00.000000Z,MH,1470672.8671280036
6805,2020-09-28T00:00:00.000000Z,14,2020-09-14T00:00:00.000000Z,MH,1498013.624234989
6807,2020-09-15T00:00:00.000000Z,1,2020-09-14T00:00:00.000000Z,ML,3992.8396460952545
6808,2020-09-16T00:00:00.000000Z,2,2020-09-14T00:00:00.000000Z,ML,4102.359019553772
6809,2020-09-17T00:00:00.000000Z,3,2020-09-14T00:00:00.000000Z,ML,4264.205352641619
6810,2020-09-18T00:00:00.000000Z,4,2020-09-14T00:00:00.000000Z,ML,4383.166031065458
6811,2020-09-19T00:00:00.000000Z,5,2020-09-14T00:00:00.000000Z,ML,4563.703904462521
6812,2020-09-20T00:00:00.000000Z,6,2020-09-14T00:00:00.000000Z,ML,4738.339374918796
6813,2020-09-21T00:00:00.000000Z,7,2020-09-14T00:00:00.000000Z,ML,4883.316711092838
6814,2020-09-22T00:00:00.000000Z,8,2020-09-14T00:00:00.000000Z,ML,5061.692065109339
6815,2020-09-23T00:00:00.000000Z,9,2020-09-14T00:00:00.000000Z,ML,5373.082646799772
6816,2020-09-24T00:00:00.000000Z,10,2020-09-14T00:00:00.000000Z,ML,5700.032655286423
6817,2020-09-25T00:00:00.000000Z,11,2020-09-14T00:00:00.000000Z,ML,5885.594009744533
6818,2020-09-26T00:00:00.000000Z,12,2020-09-14T00:00:00.000000Z,ML,6104.9931168816565
6819,2020-09-27T00:00:00.000000Z,13,2020-09-14T00:00:00.000000Z,ML,6706.2876356006955
6820,2020-09-28T00:00:00.000000Z,14,2020-09-14T00:00:00.000000Z,ML,7233.504603654327
6822,2020-09-15T00:00:00.000000Z,1,2020-09-14T00:00:00.000000Z,MN,7997.5673862889325
6823,2020-09-16T00:00:00.000000Z,2,2020-09-14T00:00:00.000000Z,MN,8103.23073510291
6824,2020-09-17T00:00:00.000000Z,3,2020-09-14T00:00:00.000000Z,MN,8302.046746933425
6825,2020-09-18T00:00:00.000000Z,4,2020-09-14T00:00:00.000000Z,MN,8474.269964185303
6826,2020-09-19T00:00:00.000000Z,5,2020-09-14T00:00:00.000000Z,MN,8762.524820529638
6827,2020-09-20T00:00:00.000000Z,6,2020-09-14T00:00:00.000000Z,MN,8861.059575986075
6828,2020-09-21T00:00:00.000000Z,7,2020-09-14T00:00:00.000000Z,MN,9054.074999350145
6829,2020-09-22T00:00:00.000000Z,8,2020-09-14T00:00:00.000000Z,MN,9262.501306563505
6830,2020-09-23T00:00:00.000000Z,9,2020-09-14T00:00:00.000000Z,MN,9363.212438066736
6831,2020-09-24T00:00:00.000000Z,10,2020-09-14T00:00:00.000000Z,MN,9686.635712097619
6832,2020-09-25T00:00:00.000000Z,11,2020-09-14T00:00:00.000000Z,MN,9807.334124890021
6833,2020-09-26T00:00:00.000000Z,12,2020-09-14T00:00:00.000000Z,MN,10101.852848672588
6834,2020-09-27T00:00:00.000000Z,13,2020-09-14T00:00:00.000000Z,MN,10277.5617430234
6835,2020-09-28T00:00:00.000000Z,14,2020-09-14T00:00:00.000000Z,MN,10385.513067749616
6837,2020-09-15T00:00:00.000000Z,1,2020-09-14T00:00:00.000000Z,MP,92910.01445808014
6838,2020-09-16T00:00:00.000000Z,2,2020-09-14T00:00:00.000000Z,MP,94802.86435323568
6839,2020-09-17T00:00:00.000000Z,3,2020-09-14T00:00:00.000000Z,MP,96282.34511123064
6840,2020-09-18T00:00:00.000000Z,4,2020-09-14T00:00:00.000000Z,MP,99189.66514324104
6841,2020-09-19T00:00:00.000000Z,5,2020-09-14T00:00:00.000000Z,MP,102239.19807601348
6842,2020-09-20T00:00:00.000000Z,6,2020-09-14T00:00:00.000000Z,MP,103388.8782295245
6843,2020-09-21T00:00:00.000000Z,7,2020-09-14T00:00:00.000000Z,MP,106679.15789730132
6844,2020-09-22T00:00:00.000000Z,8,2020-09-14T00:00:00.000000Z,MP,108620.10869838434
6845,2020-09-23T00:00:00.000000Z,9,2020-09-14T00:00:00.000000Z,MP,110872.61551098512
6846,2020-09-24T00:00:00.000000Z,10,2020-09-14T00:00:00.000000Z,MP,114858.98080230482
6847,2020-09-25T00:00:00.000000Z,11,2020-09-14T00:00:00.000000Z,MP,116950.68677127376
6848,2020-09-26T00:00:00.000000Z,12,2020-09-14T00:00:00.000000Z,MP,120781.39944310479
6849,2020-09-27T00:00:00.000000Z,13,2020-09-14T00:00:00.000000Z,MP,123735.50421553367
6850,2020-09-28T00:00:00.000000Z,14,2020-09-14T00:00:00.000000Z,MP,125941.59393069548
6852,2020-09-15T00:00:00.000000Z,1,2020-09-14T00:00:00.000000Z,MZ,1421.6018769937507
6853,2020-09-16T00:00:00.000000Z,2,2020-09-14T00:00:00.000000Z,MZ,1462.2213057152926
6854,2020-09-17T00:00:00.000000Z,3,2020-09-14T00:00:00.000000Z,MZ,1498.7450094139217
6855,2020-09-18T00:00:00.000000Z,4,2020-09-14T00:00:00.000000Z,MZ,1556.0643351984631
6856,2020-09-19T00:00:00.000000Z,5,2020-09-14T00:00:00.000000Z,MZ,1629.8016009581215
6857,2020-09-20T00:00:00.000000Z,6,2020-09-14T00:00:00.000000Z,MZ,1825.1455903556396
6858,2020-09-21T00:00:00.000000Z,7,2020-09-14T00:00:00.000000Z,MZ,1901.371083051558
6859,2020-09-22T00:00:00.000000Z,8,2020-09-14T00:00:00.000000Z,MZ,1971.9795449604435
6860,2020-09-23T00:00:00.000000Z,9,2020-09-14T00:00:00.000000Z,MZ,2134.3690924378648
6861,2020-09-24T00:00:00.000000Z,10,2020-09-14T00:00:00.000000Z,MZ,2340.0643639564255
6862,2020-09-25T00:00:00.000000Z,11,2020-09-14T00:00:00.000000Z,MZ,2444.8073627675794
6863,2020-09-26T00:00:00.000000Z,12,2020-09-14T00:00:00.000000Z,MZ,2485.0647598552578
6864,2020-09-27T00:00:00.000000Z,13,2020-09-14T00:00:00.000000Z,MZ,2686.7394339524017
6865,2020-09-28T00:00:00.000000Z,14,2020-09-14T00:00:00.000000Z,MZ,2539.671205794465
6867,2020-09-15T00:00:00.000000Z,1,2020-09-14T00:00:00.000000Z,NL,6037.260810620934
6868,2020-09-16T00:00:00.000000Z,2,2020-09-14T00:00:00.000000Z,NL,6106.74635671598
6869,2020-09-17T00:00:00.000000Z,3,2020-09-14T00:00:00.000000Z,NL,6314.894213401269
6870,2020-09-18T00:00:00.000000Z,4,2020-09-14T00:00:00.000000Z,NL,6519.713341130211
6871,2020-09-19T00:00:00.000000Z,5,2020-09-14T00:00:00.000000Z,NL,6646.66013606329
6872,2020-09-20T00:00:00.000000Z,6,2020-09-14T00:00:00.000000Z,NL,7111.207542854782
6873,2020-09-21T00:00:00.000000Z,7,2020-09-14T00:00:00.000000Z,NL,7193.165204512775
6874,2020-09-22T00:00:00.000000Z,8,2020-09-14T00:00:00.000000Z,NL,7505.039680557994
6875,2020-09-23T00:00:00.000000Z,9,2020-09-14T00:00:00.000000Z,NL,7936.724967778416
6876,2020-09-24T00:00:00.000000Z,10,2020-09-14T00:00:00.000000Z,NL,8313.805508342175
6877,2020-09-25T00:00:00.000000Z,11,2020-09-14T00:00:00.000000Z,NL,8934.3759076337
6878,2020-09-26T00:00:00.000000Z,12,2020-09-14T00:00:00.000000Z,NL,9112.133028551205
6879,2020-09-27T00:00:00.000000Z,13,2020-09-14T00:00:00.000000Z,NL,9265.381537261987
6880,2020-09-28T00:00:00.000000Z,14,2020-09-14T00:00:00.000000Z,NL,9378.186910409357
6882,2020-09-15T00:00:00.000000Z,1,2020-09-14T00:00:00.000000Z,OR,157498.92147785617
6883,2020-09-16T00:00:00.000000Z,2,2020-09-14T00:00:00.000000Z,OR,161818.96739124184
6884,2020-09-17T00:00:00.000000Z,3,2020-09-14T00:00:00.000000Z,OR,164344.30224083847
6885,2020-09-18T00:00:00.000000Z,4,2020-09-14T00:00:00.000000Z,OR,168660.18136825596
6886,2020-09-19T00:00:00.000000Z,5,2020-09-14T00:00:00.000000Z,OR,176431.11739081636
6887,2020-09-20T00:00:00.000000Z,6,2020-09-14T00:00:00.000000Z,OR,178709.32071541107
6888,2020-09-21T00:00:00.000000Z,7,2020-09-14T00:00:00.000000Z,OR,183541.67694568608
6889,2020-09-22T00:00:00.000000Z,8,2020-09-14T00:00:00.000000Z,OR,186881.1028876167
6890,2020-09-23T00:00:00.000000Z,9,2020-09-14T00:00:00.000000Z,OR,190350.83878527215
6891,2020-09-24T00:00:00.000000Z,10,2020-09-14T00:00:00.000000Z,OR,200210.91150887075
6892,2020-09-25T00:00:00.000000Z,11,2020-09-14T00:00:00.000000Z,OR,203856.9560767362
6893,2020-09-26T00:00:00.000000Z,12,2020-09-14T00:00:00.000000Z,OR,210534.29716667157
6894,2020-09-27T00:00:00.000000Z,13,2020-09-14T00:00:00.000000Z,OR,217756.29304922983
6895,2020-09-28T00:00:00.000000Z,14,2020-09-14T00:00:00.000000Z,OR,220257.6740584377
6897,2020-09-15T00:00:00.000000Z,1,2020-09-14T00:00:00.000000Z,PB,85303.85483999457
6898,2020-09-16T00:00:00.000000Z,2,2020-09-14T00:00:00.000000Z,PB,87643.66382921932
6899,2020-09-17T00:00:00.000000Z,3,2020-09-14T00:00:00.000000Z,PB,90783.55770081564
6900,2020-09-18T00:00:00.000000Z,4,2020-09-14T00:00:00.000000Z,PB,92682.15019665648
6901,2020-09-19T00:00:00.000000Z,5,2020-09-14T00:00:00.000000Z,PB,96585.42999541607
6902,2020-09-20T00:00:00.000000Z,6,2020-09-14T00:00:00.000000Z,PB,98855.48640050733
6903,2020-09-21T00:00:00.000000Z,7,2020-09-14T00:00:00.000000Z,PB,101528.39888270444
6904,2020-09-22T00:00:00.000000Z,8,2020-09-14T00:00:00.000000Z,PB,104909.89967255162
6905,2020-09-23T00:00:00.000000Z,9,2020-09-14T00:00:00.000000Z,PB,107497.70024840623
6906,2020-09-24T00:00:00.000000Z,10,2020-09-14T00:00:00.000000Z,PB,110216.62027795406
6907,2020-09-25T00:00:00.000000Z,11,2020-09-14T00:00:00.000000Z,PB,113860.85335464617
6908,2020-09-26T00:00:00.000000Z,12,2020-09-14T00:00:00.000000Z,PB,118045.95749844032
6909,2020-09-27T00:00:00.000000Z,13,2020-09-14T00:00:00.000000Z,PB,122674.77857867653
6910,2020-09-28T00:00:00.000000Z,14,2020-09-14T00:00:00.000000Z,PB,124802.64019487305
6912,2020-09-15T00:00:00.000000Z,1,2020-09-14T00:00:00.000000Z,PY,20765.966522639188
6913,2020-09-16T00:00:00.000000Z,2,2020-09-14T00:00:00.000000Z,PY,21189.03025569797
6914,2020-09-17T00:00:00.000000Z,3,2020-09-14T00:00:00.000000Z,PY,21519.70341370586
6915,2020-09-18T00:00:00.000000Z,4,2020-09-14T00:00:00.000000Z,PY,22064.929681026682
6916,2020-09-19T00:00:00.000000Z,5,2020-09-14T00:00:00.000000Z,PY,22743.303913026135
6917,2020-09-20T00:00:00.000000Z,6,2020-09-14T00:00:00.000000Z,PY,22999.05313351549
6918,2020-09-21T00:00:00.000000Z,7,2020-09-14T00:00:00.000000Z,PY,23540.05557948341
6919,2020-09-22T00:00:00.000000Z,8,2020-09-14T00:00:00.000000Z,PY,24081.949766482197
6920,2020-09-23T00:00:00.000000Z,9,2020-09-14T00:00:00.000000Z,PY,24487.039815207438
6921,2020-09-24T00:00:00.000000Z,10,2020-09-14T00:00:00.000000Z,PY,25176.54434657902
6922,2020-09-25T00:00:00.000000Z,11,2020-09-14T00:00:00.000000Z,PY,25635.037911650412
6923,2020-09-26T00:00:00.000000Z,12,2020-09-14T00:00:00.000000Z,PY,26449.851023007097
6924,2020-09-27T00:00:00.000000Z,13,2020-09-14T00:00:00.000000Z,PY,26855.642991437973
6925,2020-09-28T00:00:00.000000Z,14,2020-09-14T00:00:00.000000Z,PY,27335.42616392304
6927,2020-09-15T00:00:00.000000Z,1,2020-09-14T00:00:00.000000Z,RJ,104218.02493130275
6928,2020-09-16T00:00:00.000000Z,2,2020-09-14T00:00:00.000000Z,RJ,105594.9468113108
6929,2020-09-17T00:00:00.000000Z,3,2020-09-14T00:00:00.000000Z,RJ,108185.76112732614
6930,2020-09-18T00:00:00.000000Z,4,2020-09-14T00:00:00.000000Z,RJ,110430.04229470265
6931,2020-09-19T00:00:00.000000Z,5,2020-09-14T00:00:00.000000Z,RJ,112614.36229158023
6932,2020-09-20T00:00:00.000000Z,6,2020-09-14T00:00:00.000000Z,RJ,113880.69678024379
6933,2020-09-21T00:00:00.000000Z,7,2020-09-14T00:00:00.000000Z,RJ,116361.29439177839
6934,2020-09-22T00:00:00.000000Z,8,2020-09-14T00:00:00.000000Z,RJ,119039.94890192596
6935,2020-09-23T00:00:00.000000Z,9,2020-09-14T00:00:00.000000Z,RJ,120561.4642370846
6936,2020-09-24T00:00:00.000000Z,10,2020-09-14T00:00:00.000000Z,RJ,123931.55908370166
6937,2020-09-25T00:00:00.000000Z,11,2020-09-14T00:00:00.000000Z,RJ,124747.6461126191
6938,2020-09-26T00:00:00.000000Z,12,2020-09-14T00:00:00.000000Z,RJ,128493.87108096841
6939,2020-09-27T00:00:00.000000Z,13,2020-09-14T00:00:00.000000Z,RJ,130633.33778923226
6940,2020-09-28T00:00:00.000000Z,14,2020-09-14T00:00:00.000000Z,RJ,131867.80708148814
6942,2020-09-15T00:00:00.000000Z,1,2020-09-14T00:00:00.000000Z,SK,2137.6486577825476
6943,2020-09-16T00:00:00.000000Z,2,2020-09-14T00:00:00.000000Z,SK,2169.3108727807435
6944,2020-09-17T00:00:00.000000Z,3,2020-09-14T00:00:00.000000Z,SK,2208.958162135711
6945,2020-09-18T00:00:00.000000Z,4,2020-09-14T00:00:00.000000Z,SK,2240.2235064557703
6946,2020-09-19T00:00:00.000000Z,5,2020-09-14T00:00:00.000000Z,SK,2291.8590852181596
6947,2020-09-20T00:00:00.000000Z,6,2020-09-14T00:00:00.000000Z,SK,2244.5452554228054
6948,2020-09-21T00:00:00.000000Z,7,2020-09-14T00:00:00.000000Z,SK,2394.0905679309376
6949,2020-09-22T00:00:00.000000Z,8,2020-09-14T00:00:00.000000Z,SK,2449.2028201413877
6950,2020-09-23T00:00:00.000000Z,9,2020-09-14T00:00:00.000000Z,SK,2464.729071754475
6951,2020-09-24T00:00:00.000000Z,10,2020-09-14T00:00:00.000000Z,SK,2497.508980110484
6952,2020-09-25T00:00:00.000000Z,11,2020-09-14T00:00:00.000000Z,SK,2593.7735743142066
6953,2020-09-26T00:00:00.000000Z,12,2020-09-14T00:00:00.000000Z,SK,2653.6816445211834
6954,2020-09-27T00:00:00.000000Z,13,2020-09-14T00:00:00.000000Z,SK,2695.489044011578
6955,2020-09-28T00:00:00.000000Z,14,2020-09-14T00:00:00.000000Z,SK,2730.6992132862492
6957,2020-09-15T00:00:00.000000Z,1,2020-09-14T00:00:00.000000Z,TG,160277.11743619884
6958,2020-09-16T00:00:00.000000Z,2,2020-09-14T00:00:00.000000Z,TG,162394.6884610575
6959,2020-09-17T00:00:00.000000Z,3,2020-09-14T00:00:00.000000Z,TG,166379.11214803954
6960,2020-09-18T00:00:00.000000Z,4,2020-09-14T00:00:00.000000Z,TG,169830.59186757143
6961,2020-09-19T00:00:00.000000Z,5,2020-09-14T00:00:00.000000Z,TG,173189.84407157867
6962,2020-09-20T00:00:00.000000Z,6,2020-09-14T00:00:00.000000Z,TG,175137.357972498
6963,2020-09-21T00:00:00.000000Z,7,2020-09-14T00:00:00.000000Z,TG,178720.26010613202
6964,2020-09-22T00:00:00.000000Z,8,2020-09-14T00:00:00.000000Z,TG,182834.42194362628
6965,2020-09-23T00:00:00.000000Z,9,2020-09-14T00:00:00.000000Z,TG,185171.34347008672
6966,2020-09-24T00:00:00.000000Z,10,2020-09-14T00:00:00.000000Z,TG,190347.48848853968
6967,2020-09-25T00:00:00.000000Z,11,2020-09-14T00:00:00.000000Z,TG,191600.92318661843
6968,2020-09-26T00:00:00.000000Z,12,2020-09-14T00:00:00.000000Z,TG,197354.78643364194
6969,2020-09-27T00:00:00.000000Z,13,2020-09-14T00:00:00.000000Z,TG,201026.9354071471
6970,2020-09-28T00:00:00.000000Z,14,2020-09-14T00:00:00.000000Z,TG,201712.0827690655
6972,2020-09-15T00:00:00.000000Z,1,2020-09-14T00:00:00.000000Z,TN,507147.0818180426
6973,2020-09-16T00:00:00.000000Z,2,2020-09-14T00:00:00.000000Z,TN,514658.78561843734
6974,2020-09-17T00:00:00.000000Z,3,2020-09-14T00:00:00.000000Z,TN,524064.93387020676
6975,2020-09-18T00:00:00.000000Z,4,2020-09-14T00:00:00.000000Z,TN,531482.4739104764
6976,2020-09-19T00:00:00.000000Z,5,2020-09-14T00:00:00.000000Z,TN,541995.2796232532
6977,2020-09-20T00:00:00.000000Z,6,2020-09-14T00:00:00.000000Z,TN,548090.0266773326
6978,2020-09-21T00:00:00.000000Z,7,2020-09-14T00:00:00.000000Z,TN,559811.3671509975
6979,2020-09-22T00:00:00.000000Z,8,2020-09-14T00:00:00.000000Z,TN,572698.3048116943
6980,2020-09-23T00:00:00.000000Z,9,2020-09-14T00:00:00.000000Z,TN,576328.7729531613
6981,2020-09-24T00:00:00.000000Z,10,2020-09-14T00:00:00.000000Z,TN,590967.5687288039
6982,2020-09-25T00:00:00.000000Z,11,2020-09-14T00:00:00.000000Z,TN,590965.4376557198
6983,2020-09-26T00:00:00.000000Z,12,2020-09-14T00:00:00.000000Z,TN,599189.8963703245
6984,2020-09-27T00:00:00.000000Z,13,2020-09-14T00:00:00.000000Z,TN,614724.0361614111
6985,2020-09-28T00:00:00.000000Z,14,2020-09-14T00:00:00.000000Z,TN,627325.7175228467
6987,2020-09-15T00:00:00.000000Z,1,2020-09-14T00:00:00.000000Z,TR,20180.926574324
6988,2020-09-16T00:00:00.000000Z,2,2020-09-14T00:00:00.000000Z,TR,20734.47146978105
6989,2020-09-17T00:00:00.000000Z,3,2020-09-14T00:00:00.000000Z,TR,21475.367319197223
6990,2020-09-18T00:00:00.000000Z,4,2020-09-14T00:00:00.000000Z,TR,21924.489527581947
6991,2020-09-19T00:00:00.000000Z,5,2020-09-14T00:00:00.000000Z,TR,22721.92992989875
6992,2020-09-20T00:00:00.000000Z,6,2020-09-14T00:00:00.000000Z,TR,23299.143019313262
6993,2020-09-21T00:00:00.000000Z,7,2020-09-14T00:00:00.000000Z,TR,24077.184704579748
6994,2020-09-22T00:00:00.000000Z,8,2020-09-14T00:00:00.000000Z,TR,24879.098454740364
6995,2020-09-23T00:00:00.000000Z,9,2020-09-14T00:00:00.000000Z,TR,25811.653897969016
6996,2020-09-24T00:00:00.000000Z,10,2020-09-14T00:00:00.000000Z,TR,26383.355334570053
6997,2020-09-25T00:00:00.000000Z,11,2020-09-14T00:00:00.000000Z,TR,27365.270354042623
6998,2020-09-26T00:00:00.000000Z,12,2020-09-14T00:00:00.000000Z,TR,28176.465971919475
6999,2020-09-27T00:00:00.000000Z,13,2020-09-14T00:00:00.000000Z,TR,29035.01537374387
7000,2020-09-28T00:00:00.000000Z,14,2020-09-14T00:00:00.000000Z,TR,29624.617408193746
7002,2020-09-15T00:00:00.000000Z,1,2020-09-14T00:00:00.000000Z,TT,5043811.420874899
7003,2020-09-16T00:00:00.000000Z,2,2020-09-14T00:00:00.000000Z,TT,5124629.052011216
7004,2020-09-17T00:00:00.000000Z,3,2020-09-14T00:00:00.000000Z,TT,5250363.878469755
7005,2020-09-18T00:00:00.000000Z,4,2020-09-14T00:00:00.000000Z,TT,5359280.34376755
7006,2020-09-19T00:00:00.000000Z,5,2020-09-14T00:00:00.000000Z,TT,5524048.413440139
7007,2020-09-20T00:00:00.000000Z,6,2020-09-14T00:00:00.000000Z,TT,5586166.441142906
7008,2020-09-21T00:00:00.000000Z,7,2020-09-14T00:00:00.000000Z,TT,5707847.069292565
7009,2020-09-22T00:00:00.000000Z,8,2020-09-14T00:00:00.000000Z,TT,5839242.567901538
7010,2020-09-23T00:00:00.000000Z,9,2020-09-14T00:00:00.000000Z,TT,5937465.949175527
7011,2020-09-24T00:00:00.000000Z,10,2020-09-14T00:00:00.000000Z,TT,6142557.65893973
7012,2020-09-25T00:00:00.000000Z,11,2020-09-14T00:00:00.000000Z,TT,6254420.354697901
7013,2020-09-26T00:00:00.000000Z,12,2020-09-14T00:00:00.000000Z,TT,6423417.032533321
7014,2020-09-27T00:00:00.000000Z,13,2020-09-14T00:00:00.000000Z,TT,6521963.9194409335
7015,2020-09-28T00:00:00.000000Z,14,2020-09-14T00:00:00.000000Z,TT,6647427.040900485
7017,2020-09-15T00:00:00.000000Z,1,2020-09-14T00:00:00.000000Z,UN,62.38972022457895
7018,2020-09-16T00:00:00.000000Z,2,2020-09-14T00:00:00.000000Z,UN,65.03294174833333
7019,2020-09-17T00:00:00.000000Z,3,2020-09-14T00:00:00.000000Z,UN,50.41141288814258
7020,2020-09-18T00:00:00.000000Z,4,2020-09-14T00:00:00.000000Z,UN,54.88690168254882
7021,2020-09-19T00:00:00.000000Z,5,2020-09-14T00:00:00.000000Z,UN,55.821404724001034
7022,2020-09-20T00:00:00.000000Z,6,2020-09-14T00:00:00.000000Z,UN,53.99575283288707
7023,2020-09-21T00:00:00.000000Z,7,2020-09-14T00:00:00.000000Z,UN,49.08240636487641
7024,2020-09-22T00:00:00.000000Z,8,2020-09-14T00:00:00.000000Z,UN,32.139849245204665
7025,2020-09-23T00:00:00.000000Z,9,2020-09-14T00:00:00.000000Z,UN,34.107518757633464
7026,2020-09-24T00:00:00.000000Z,10,2020-09-14T00:00:00.000000Z,UN,25.255324602092266
7027,2020-09-25T00:00:00.000000Z,11,2020-09-14T00:00:00.000000Z,UN,26.762070310900285
7028,2020-09-26T00:00:00.000000Z,12,2020-09-14T00:00:00.000000Z,UN,33.99656952182992
7029,2020-09-27T00:00:00.000000Z,13,2020-09-14T00:00:00.000000Z,UN,58.1797965462819
7030,2020-09-28T00:00:00.000000Z,14,2020-09-14T00:00:00.000000Z,UN,37.68370749283877
7032,2020-09-15T00:00:00.000000Z,1,2020-09-14T00:00:00.000000Z,UP,326278.7924971257
7033,2020-09-16T00:00:00.000000Z,2,2020-09-14T00:00:00.000000Z,UP,331506.8089177451
7034,2020-09-17T00:00:00.000000Z,3,2020-09-14T00:00:00.000000Z,UP,339640.46125941805
7035,2020-09-18T00:00:00.000000Z,4,2020-09-14T00:00:00.000000Z,UP,348245.6403068976
7036,2020-09-19T00:00:00.000000Z,5,2020-09-14T00:00:00.000000Z,UP,358952.267983781
7037,2020-09-20T00:00:00.000000Z,6,2020-09-14T00:00:00.000000Z,UP,362988.68754031847
7038,2020-09-21T00:00:00.000000Z,7,2020-09-14T00:00:00.000000Z,UP,371185.5337607503
7039,2020-09-22T00:00:00.000000Z,8,2020-09-14T00:00:00.000000Z,UP,379730.2579804459
7040,2020-09-23T00:00:00.000000Z,9,2020-09-14T00:00:00.000000Z,UP,386117.8200424615
7041,2020-09-24T00:00:00.000000Z,10,2020-09-14T00:00:00.000000Z,UP,399455.0802842804
7042,2020-09-25T00:00:00.000000Z,11,2020-09-14T00:00:00.000000Z,UP,406729.60041488573
7043,2020-09-26T00:00:00.000000Z,12,2020-09-14T00:00:00.000000Z,UP,419657.56771294924
7044,2020-09-27T00:00:00.000000Z,13,2020-09-14T00:00:00.000000Z,UP,423856.35775715875
7045,2020-09-28T00:00:00.000000Z,14,2020-09-14T00:00:00.000000Z,UP,431736.12081304536
7047,2020-09-15T00:00:00.000000Z,1,2020-09-14T00:00:00.000000Z,UT,36530.74291059352
7048,2020-09-16T00:00:00.000000Z,2,2020-09-14T00:00:00.000000Z,UT,37796.67507642125
7049,2020-09-17T00:00:00.000000Z,3,2020-09-14T00:00:00.000000Z,UT,39411.283334601794
7050,2020-09-18T00:00:00.000000Z,4,2020-09-14T00:00:00.000000Z,UT,40896.26155634781
7051,2020-09-19T00:00:00.000000Z,5,2020-09-14T00:00:00.000000Z,UT,42607.38293948025
7052,2020-09-20T00:00:00.000000Z,6,2020-09-14T00:00:00.000000Z,UT,44891.962467375604
7053,2020-09-21T00:00:00.000000Z,7,2020-09-14T00:00:00.000000Z,UT,45849.7461146794
7054,2020-09-22T00:00:00.000000Z,8,2020-09-14T00:00:00.000000Z,UT,47632.83035703421
7055,2020-09-23T00:00:00.000000Z,9,2020-09-14T00:00:00.000000Z,UT,50945.863949287304
7056,2020-09-24T00:00:00.000000Z,10,2020-09-14T00:00:00.000000Z,UT,52718.10009365991
7057,2020-09-25T00:00:00.000000Z,11,2020-09-14T00:00:00.000000Z,UT,55031.13799807485
7058,2020-09-26T00:00:00.000000Z,12,2020-09-14T00:00:00.000000Z,UT,57404.855047725185
7059,2020-09-27T00:00:00.000000Z,13,2020-09-14T00:00:00.000000Z,UT,59717.977903868494
7060,2020-09-28T00:00:00.000000Z,14,2020-09-14T00:00:00.000000Z,UT,61082.86464191638
7062,2020-09-15T00:00:00.000000Z,1,2020-09-14T00:00:00.000000Z,WB,205347.13838092188
7063,2020-09-16T00:00:00.000000Z,2,2020-09-14T00:00:00.000000Z,WB,208060.1716399969
7064,2020-09-17T00:00:00.000000Z,3,2020-09-14T00:00:00.000000Z,WB,213165.0112895754
7065,2020-09-18T00:00:00.000000Z,4,2020-09-14T00:00:00.000000Z,WB,217587.0555160587
7066,2020-09-19T00:00:00.000000Z,5,2020-09-14T00:00:00.000000Z,WB,221890.95789333564
7067,2020-09-20T00:00:00.000000Z,6,2020-09-14T00:00:00.000000Z,WB,224386.09075602068
7068,2020-09-21T00:00:00.000000Z,7,2020-09-14T00:00:00.000000Z,WB,229273.76370260504
7069,2020-09-22T00:00:00.000000Z,8,2020-09-14T00:00:00.000000Z,WB,234551.68025046258
7070,2020-09-23T00:00:00.000000Z,9,2020-09-14T00:00:00.000000Z,WB,237549.61128375688
7071,2020-09-24T00:00:00.000000Z,10,2020-09-14T00:00:00.000000Z,WB,244189.9184877036
7072,2020-09-25T00:00:00.000000Z,11,2020-09-14T00:00:00.000000Z,WB,245797.90459345112
7073,2020-09-26T00:00:00.000000Z,12,2020-09-14T00:00:00.000000Z,WB,253179.32040409208
7074,2020-09-27T00:00:00.000000Z,13,2020-09-14T00:00:00.000000Z,WB,257394.83846602493
7075,2020-09-28T00:00:00.000000Z,14,2020-09-14T00:00:00.000000Z,WB,258272.09713052274
